<?xml version="1.0" encoding="UTF-8"?>
<application xmlns:xsi="http://www.w3.org/2001/XMLSchema-instance" xmlns="http://java.sun.com/xml/ns/j2ee" xmlns:application="http://java.sun.com/xml/ns/javaee/application_5.xsd" xmlns:javaee="http://java.sun.com/xml/ns/javaee" xsi:schemaLocation="http://java.sun.com/xml/ns/j2ee http://java.sun.com/xml/ns/j2ee/application_1_4.xsd" id="Application_ID" version="1.4">
  <javaee:display-name>timetracker-app-3.4-SNAPSHOT</javaee:display-name>
  <module id="WebModule_1296659467939">
    <web>
      <web-uri>timetracker-web-3.4-SNAPSHOT.war</web-uri>
      <context-root>/timetracker</context-root>
    </web>
  </module>
  <library-directory>lib</library-directory>
</application>