<andromda xmlns="http://andromda.org/core/configuration">
    <properties>
        <property name="modelValidation">${validation}</property>
        <property name="failOnValidationErrors">${failValidation}</property>
        <property name="cartridgeFilter">${filter}</property>
    </properties>
    <server>
        <host>localhost</host>
        <port>4447</port>
    </server>
    <repositories>
        <repository name="emf-uml22">
            <models>
                <model type="emf-uml22">
                    <uri>file:${project.basedir}/src/main/uml2/timetracker.uml</uri>
                    <moduleSearchLocations>
                        <location patterns="*.uml">${project.basedir}/src/main/uml2</location>
                    <!--uri>file:${project.basedir}/src/main/uml/timetracker-rsm75.emx</uri>
                    <moduleSearchLocations>
                        <location patterns="**/${andromda.version}/**/*-${andromda.version}.uml">${settings.localRepository}/org/andromda/profiles/emf/uml22</location>
                        <location patterns="**/${andromda.version}/**/*-${andromda.version}.profile.uml">${settings.localRepository}/org/andromda/profiles/emf/uml22</location>
                        <location patterns="**/${andromda.version}/**/*-${andromda.version}.library.uml">${settings.localRepository}/org/andromda/profiles/emf/uml22</location>
                        <location patterns="andromda*.uml,UML_*.uml">${project.basedir}/src/main/uml2</location-->
        <!--repository name="netBeansMDR">
            <models>
                <model>
                    <uri>${model.uri}</uri>
                    <moduleSearchLocations>
                        <location patterns="**/src/main/uml/*.xml.zip">${project.basedir}/../../../../profiles/uml-1.4</location>
                        <location patterns="**/${andromda.version}/*.xml.zip">${settings.localRepository}/org/andromda/profiles/uml14</location>
                        <location patterns="**/*.xml">jar:file:${settings.localRepository}/org/omg/profiles/uml14/UML_Standard_Profile/1.0/UML_Standard_Profile-1.0.jar!/</location>
                        <location patterns="**/*.xml.zip">${settings.localRepository}/org/andromda/profiles/uml14</location-->
                    </moduleSearchLocations>
                </model>
            </models>
        </repository>
    </repositories>
    <!-- The mappingsSearchLocations are used by the below '*MappingsUri' namespace
      properties (e.g. languageMappingsUri) so that we can use a "logical" name from the content
      of any *.xml files in the search locations (instead of having to specify explicit paths...).
      Except for 'profileMappingsUri', this approach did not seem to work as there is no
      "logical" mapping name. mappingsUri is specified without 'Mappings' suffix on file name.
      See http://docs.andromda.org/mappings.html.
      A default empty mda/config/mappings/JavaMappings.xml is provided with the generated project.
      It can be used to customize mappings from UML to Java datatypes used by all cartridges. -->
    <mappingsSearchLocations>
        <!-- Add additional mappings files under mda/config/mappings, referenced by languageMappingsUri -->
        <location patterns="*.xml">${conf.dir}/mappings</location>
    </mappingsSearchLocations>
    <!-- To add/remove an additional cartridge to the code generation process (i.e. modeldump):
    - Add the namespace elements to andromda.xml
    - Add the cartridge dependency (including version) to mda/pom.xml
    - Add additional build dependencies to individual project pom.xml files -->
    <namespaces>
        <!-- namespace property values used by ALL cartridges -->
        <!-- Variable references refer to properties defined in root pom.xml or mda/pom.xml files -->
        <!-- See http://www.andromda.org/docs/andromda-metafacades/andromda-uml-metafacades/andromda-metafacades-emf-uml2/namespace.html -->
        <namespace name="default">
            <properties>
                <!-- Use enums, strongly typed collections with templates, and @annotation markups>
                <property name="enableTemplating">true</property>
                <property name="enableAnnotations">true</property>
                <property name="typeSafeEnumsEnabled">true</property -->
                <property name="languageMappingsUri">Java</property>
                <property name="wrapperMappingsUri">JavaWrapper</property>
                <property name="sqlMappingsUri">${sql.mappings}</property>
                <property name="jdbcMappingsUri">JDBC</property>
                <property name="maxSqlNameLength">30</property>
                <property name="foreignKeySuffix">_FK</property>
                <property name="ejbJndiNamePrefix">${application.id}-${project.version}</property>
                <!-- masking properties configure the way your model element names are generated>
                <property name="classifierNameMask">none</property>
                <property name="operationNameMask">none</property>
                <property name="roleNameMask">none</property>
                <property name="enumerationNameMask">none</property>
                <property name="entityNameMask">none</property>
                <property name="entityPropertyNameMask">none</property>
                <property name="parameterNameMask">none</property-->
                <property name="enumerationLiteralNameMask">upperunderscore</property>
                <property name="hibernateVersion">3</property>
            </properties>
        </namespace>
        <namespace name="spring">
            <properties>
                <property name="dataSource">${dataSource}</property>
                <property name="username">${jdbc.username}</property>
                <property name="password">${jdbc.password}</property>
                <property name="driver">${jdbc.driver}</property>
                <property name="connectionUrl">${jdbc.url}</property>
                <property name="hibernateDialect">${hibernate.dialect}</property>
                <property name="hibernateShowSql">${hibernate.db.showSql}</property>
                <property name="hibernateHbm2DDLAuto">update</property>
                <property name="hibernateQueryUseNamedParameters">true</property>
                <property name="hibernateEnableCache">false</property>
                <property name="sessionFactory">org.springframework.orm.hibernate3.LocalSessionFactoryBean</property>
                <property name="localTransactionManager">org.springframework.orm.hibernate3.HibernateTransactionManager</property>
                <property name="hibernateCacheProvider">org.hibernate.cache.EhCacheProvider</property>
                <property name="hibernateQueryCacheFactory">org.hibernate.cache.StandardQueryCacheFactory</property>
                <property name="mergeMappingsUri">file:${conf.dir}/mappings/SpringMergeMappings.xml</property>
                <property name="hibernateInheritanceStrategy">${hibernate.inheritance.strategy}</property>
                <property name="springTypesPackage">${application.package}</property>
                <property name="daos">${core.generated.dir}</property>
                <property name="dao-impls">${core.manual.dir}</property>
                <property name="spring-configuration">${core.generated.dir}</property>
                <property name="services">${core.generated.dir}</property>
                <property name="service-impls">${core.manual.dir}</property>
                <property name="service-interfaces">${common.generated.dir}</property>
                <property name="criteria">${common.generated.dir}</property>
                <property name="value-objects">${common.generated.dir}</property>
                <property name="enableSpringTransactionsWhenEjbsEnabled">false</property>
                <!-- to remove any dependency on EJB, comment the following property -->
                <property name="session-ejbs">${core.generated.dir}</property>
                <!-- uncomment to enable EJB security
                <property name="securityRealm">${application.id}</property>
                 -->
            </properties>
        </namespace>
        <namespace name="hibernate">
            <properties>
                <property name="hibernateEnableCache">false</property>
                <property name="hibernateEnableAssociationsCache">false</property>
                <property name="hibernateTypeMappingsUri">Hibernate</property>
                <property name="hibernateInheritanceStrategy">${hibernate.inheritance.strategy}</property>
                <property name="defaultHibernateGeneratorClass">${hibernate.generatorClass}</property>
                <property name="hibernateAggregationCascade">delete</property>
                <property name="hibernateDefaultCascade">none</property>
                <property name="entities">${core.generated.dir}</property>
                <property name="entity-impls">${core.manual.dir}</property>
                <property name="entity-mappings">${core.generated.dir}</property>
                <property name="user-types">${core.generated.dir}</property>
                <property name="customTypesPackage">${application.package}</property>
                <property name="compositionDefinesEagerLoading">true</property>
                <property name="cache">${core.generated.dir}</property>
            </properties>
        </namespace>
        <namespace name="java">
            <properties>
                <property name="enumerations">${common.generated.dir}</property>
                <property name="exceptions">${common.generated.dir}</property>
                <property name="value-objects">${common.generated.dir}</property>
                <property name="interfaces">${common.generated.dir}</property>
            </properties>
        </namespace>
        <namespace name="bpm4struts">
            <properties>
                <property name="defaultDateFormat">MM/dd/yyyy</property>
                <property name="normalizeMessages">true</property>
                <property name="forms">${web.generated.dir}</property>
                <property name="pages">${web.generated.dir}</property>
                <property name="actions">${web.generated.dir}</property>
                <property name="controllers">${web.generated.dir}</property>
                <property name="controller-impls">${web.manual.java.dir}</property>
                <property name="decorators">${web.manual.java.dir}</property>
                <property name="messages">${web.generated.dir}/WEB-INF/classes</property>
                <property name="configuration">${web.generated.dir}/WEB-INF</property>
                <!-- uncomment to enable web tier security
                <property name="securityRealm">${application.id}</property>
                 -->
                <property name="serviceAccessorPattern">${application.package}.ServiceLocator.instance().get{1}()</property>
                <property name="mergeMappingsUri">file:${conf.dir}/mappings/WebMergeMappings.xml</property>
                <property name="manageableServiceAccessorPattern">${application.package}.ManageableServiceLocator.instance().get{1}()</property>
            </properties>
        </namespace>
    </namespaces>
</andromda>