<?xml version="1.0" encoding="UTF-8"?>
<project>
    <extend>../project.xml</extend>
    <artifactId>${pom.groupId}-console</artifactId>
    <name>Time Tracker Console Application</name>
    <shortDescription>The ${pom.name} Component</shortDescription>
    <dependencies>
        <dependency>
            <groupId>${pom.groupId}</groupId>
            <artifactId>${pom.groupId}-common</artifactId>
            <version>${pom.currentVersion}</version>
            <type>jar</type>
        </dependency>
        <dependency>
            <groupId>${pom.groupId}</groupId>
            <artifactId>${pom.groupId}-core</artifactId>
            <version>${pom.currentVersion}</version>
            <type>ejb</type>
        </dependency>
        <dependency>
            <groupId>commons-beanutils</groupId>
            <artifactId>commons-beanutils</artifactId>
            <version>${commons.beanutils.version}</version>
            <type>jar</type>
        </dependency>
        <dependency>
            <groupId>commons-collections</groupId>
            <artifactId>commons-collections</artifactId>
            <version>${commons.collections.version}</version>
            <type>jar</type>
        </dependency>
        <dependency>
            <groupId>commons-lang</groupId>
            <artifactId>commons-lang</artifactId>
            <version>${commons.lang.version}</version>
            <type>jar</type>
        </dependency>
        <dependency>
            <groupId>commons-logging</groupId>
            <artifactId>commons-logging</artifactId>
            <version>${commons.logging.version}</version>
            <type>jar</type>
        </dependency>
        <dependency>
            <groupId>hibernate</groupId>
            <artifactId>hibernate</artifactId>
            <version>${hibernate.version}</version>
            <type>jar</type>
        </dependency>
        <dependency>
            <groupId>cglib</groupId>
            <artifactId>cglib</artifactId>
            <version>${cglib.version}</version>
            <type>jar</type>
        </dependency>
        <dependency>
            <groupId>asm</groupId>
            <artifactId>asm</artifactId>
            <version>${asm.version}</version>
            <type>jar</type>
        </dependency>
        <dependency>
            <groupId>dom4j</groupId>
            <artifactId>dom4j</artifactId>
            <version>${dom4j.version}</version>
            <type>jar</type>
        </dependency>
        <dependency>
            <groupId>odmg</groupId>
            <artifactId>odmg</artifactId>
            <version>${odmg.version}</version>
            <type>jar</type>
        </dependency>
        <dependency>
            <groupId>ehcache</groupId>
            <artifactId>ehcache</artifactId>
            <version>${ehcache.version}</version>
            <type>jar</type>
        </dependency>
        <dependency>
            <groupId>antlr</groupId>
            <artifactId>antlr</artifactId>
            <version>${antlr.version}</version>
            <type>jar</type>
        </dependency>
        <dependency>
            <groupId>aopalliance</groupId>
            <artifactId>aopalliance</artifactId>
            <version>${aopalliance.version}</version>
            <type>jar</type>
        </dependency>
        <dependency>
            <groupId>springframework</groupId>
            <artifactId>spring</artifactId>
            <version>${spring.version}</version>
            <type>jar</type>
        </dependency>
        <dependency>
            <groupId>jboss</groupId>
            <artifactId>jboss-j2ee</artifactId>
            <version>${jboss.version}</version>
            <type>jar</type>
        </dependency>
    </dependencies>
    <build>
        <sourceDirectory>src/java</sourceDirectory>
        <resources>
            <resource>
                <directory>src/resources</directory>
            </resource>
        </resources>
    </build>
</project>