<?xml version="1.0" encoding="UTF-8"?>
<!-- Generated by: applicationContext-localDataSource.xml.vsl in andromda-spring-cartridge. -->

<beans xmlns="http://www.springframework.org/schema/beans"
       xmlns:xsi="http://www.w3.org/2001/XMLSchema-instance"
       xmlns:lang="http://www.springframework.org/schema/lang"
       xsi:schemaLocation="http://www.springframework.org/schema/beans http://www.springframework.org/schema/beans/spring-beans-3.0.xsd http://www.springframework.org/schema/lang http://www.springframework.org/schema/lang/spring-lang-3.0.xsd">


    <!-- ========================= DATASOURCE DEFINITION ========================= -->

    <!-- Local DataSource that works in any environment -->
    <bean id="dataSource" class="org.springframework.jdbc.datasource.DriverManagerDataSource">
        <property name="driverClassName" value="${jdbc.driver}"/>
        <property name="username" value="${jdbc.username}"/>
        <property name="password" value="${jdbc.password}"/>
        <property name="url" value="http://www.andromda.org/timetracker-mda"/>
    </bean>

    <!-- ====================== End of DATASOURCE DEFINITION ====================== -->

    <!-- ===================== TRANSACTION MANAGER DEFINITION ========================= -->

    <!-- (local) Transaction Manager -->
    <bean id="transactionManager" class="org.springframework.orm.hibernate3.HibernateTransactionManager">
        <property name="sessionFactory" ref="sessionFactory"/>
    </bean>

    <!-- ===================== TRANSACTION MANAGER DEFINITION ========================= -->

</beans>
