<?xml version="1.0" encoding="UTF-8"?>
<!DOCTYPE beans PUBLIC "-//SPRING//DTD BEAN//EN" "http://www.springframework.org/dtd/spring-beans.dtd">

<beans>

    <!-- CRUD Service Transactional Interceptor. Generated by Spring crud/applicationContext-manageable.xml.vsl -->
    <bean id="manageableServiceTransactionInterceptor" class="org.springframework.transaction.interceptor.TransactionInterceptor">
        <property name="transactionManager"><ref bean="transactionManager"/></property>
        <property name="transactionAttributeSource">
            <value>
                org.andromda.timetracker.domain.crud.UserManageableService.create=PROPAGATION_REQUIRED
                org.andromda.timetracker.domain.crud.UserManageableService.read=PROPAGATION_REQUIRED
                org.andromda.timetracker.domain.crud.UserManageableService.readAll=PROPAGATION_REQUIRED
                org.andromda.timetracker.domain.crud.UserManageableService.readBackingLists=PROPAGATION_REQUIRED
                org.andromda.timetracker.domain.crud.UserManageableService.update=PROPAGATION_REQUIRED
                org.andromda.timetracker.domain.crud.UserManageableService.delete=PROPAGATION_REQUIRED
                org.andromda.timetracker.domain.crud.TaskManageableService.create=PROPAGATION_REQUIRED
                org.andromda.timetracker.domain.crud.TaskManageableService.read=PROPAGATION_REQUIRED
                org.andromda.timetracker.domain.crud.TaskManageableService.readAll=PROPAGATION_REQUIRED
                org.andromda.timetracker.domain.crud.TaskManageableService.update=PROPAGATION_REQUIRED
                org.andromda.timetracker.domain.crud.TaskManageableService.delete=PROPAGATION_REQUIRED
            </value>
        </property>
    </bean>

     <!-- UserManageableDao Entity Proxy -->
     <bean id="UserManageableDao" class="org.springframework.aop.framework.ProxyFactoryBean">
         <property name="target"><ref local="UserManageableDaoBase"/></property>
         <property name="proxyInterfaces">
             <value>org.andromda.timetracker.domain.crud.UserManageableDao</value>
         </property>
         <property name="interceptorNames">
             <list>
                 <value>hibernateInterceptor</value>
             </list>
         </property>
     </bean>

    <!-- UserManageableDao Implementation  -->
    <bean id="UserManageableDaoBase" class="org.andromda.timetracker.domain.crud.UserManageableDaoBase">
        <property name="sessionFactory"><ref bean="sessionFactory"/></property>
        <property name="dao"><ref bean="userDao"/></property>
        <property name="rolesDao"><ref bean="userRoleDao"/></property>
    </bean>

    <!-- UserManageableService Service Implementation  -->
    <bean id="UserManageableServiceBase" class="org.andromda.timetracker.domain.crud.UserManageableServiceBase">
        <property name="dao"><ref local="UserManageableDao"/></property>
    </bean>

    <!-- UserManageableService Service Proxy  -->
    <bean id="UserManageableService" class="org.springframework.aop.framework.ProxyFactoryBean">
         <property name="target"><ref local="UserManageableServiceBase"/></property>
         <property name="proxyInterfaces">
             <value>org.andromda.timetracker.domain.crud.UserManageableService</value>
         </property>
         <property name="interceptorNames">
             <list>
                 <value>manageableServiceTransactionInterceptor</value>
                 <value>hibernateInterceptor</value>
             </list>
         </property>
     </bean>

     <!-- TaskManageableDao Entity Proxy -->
     <bean id="TaskManageableDao" class="org.springframework.aop.framework.ProxyFactoryBean">
         <property name="target"><ref local="TaskManageableDaoBase"/></property>
         <property name="proxyInterfaces">
             <value>org.andromda.timetracker.domain.crud.TaskManageableDao</value>
         </property>
         <property name="interceptorNames">
             <list>
                 <value>hibernateInterceptor</value>
             </list>
         </property>
     </bean>

    <!-- TaskManageableDao Implementation  -->
    <bean id="TaskManageableDaoBase" class="org.andromda.timetracker.domain.crud.TaskManageableDaoBase">
        <property name="sessionFactory"><ref bean="sessionFactory"/></property>
        <property name="dao"><ref bean="taskDao"/></property>
    </bean>

    <!-- TaskManageableService Service Implementation  -->
    <bean id="TaskManageableServiceBase" class="org.andromda.timetracker.domain.crud.TaskManageableServiceBase">
        <property name="dao"><ref local="TaskManageableDao"/></property>
    </bean>

    <!-- TaskManageableService Service Proxy  -->
    <bean id="TaskManageableService" class="org.springframework.aop.framework.ProxyFactoryBean">
         <property name="target"><ref local="TaskManageableServiceBase"/></property>
         <property name="proxyInterfaces">
             <value>org.andromda.timetracker.domain.crud.TaskManageableService</value>
         </property>
         <property name="interceptorNames">
             <list>
                 <value>manageableServiceTransactionInterceptor</value>
                 <value>hibernateInterceptor</value>
             </list>
         </property>
     </bean>

</beans>