<?xml version="1.0" encoding="UTF-8"?>
<!--
     Attention: Generated code! Do not modify by hand!
     Generated by: hibernate3/hibernate.cfg.xml.vsl in andromda-hibernate-cartridge.
  -->
<!DOCTYPE
    hibernate-configuration
    PUBLIC "-//Hibernate/Hibernate Configuration DTD 3.0//EN"
           "http://www.hibernate.org/dtd/hibernate-configuration-3.0.dtd">
<hibernate-configuration>
    <session-factory>
        <!-- properties -->
        <property name="connection.driver_class">${jdbc.driver}</property>
        <property name="connection.username">${jdbc.username}</property>
        <property name="connection.password">${jdbc.password}</property>
        <property name="connection.datasource">java:/jdbc/timetracker</property>
        <property name="connection.url">http://www.andromda.org/timetracker-mda</property>
        <property name="jta.UserTransaction">UserTransaction</property>
        <property name="transaction.factory_class">org.hibernate.transaction.JTATransactionFactory</property>
        <property name="session_factory_name">java:/hibernate/SessionFactory</property>
        <property name="dialect">org.hibernate.dialect.H2Dialect</property>
        <property name="jdbc.batch_size">0</property>
        <property name="hibernate.hbm2ddl.auto">update</property>
        <property name="hibernate.id.new_generator_mappings">true</property>
        <property name="hibernate.query.factory_class">org.hibernate.hql.classic.ClassicQueryTranslatorFactory</property>
        <property name="hibernate.cache.use_query_cache">false</property>
        <property name="hibernate.cache.provider_class">net.sf.ehcache.hibernate.EhCacheProvider</property>
        <property name="hibernate.cache.query_cache_factory">org.hibernate.cache.StandardQueryCacheFactory</property>
        <!-- mapping files -->
        <mapping resource="org/andromda/timetracker/domain/User.hbm.xml"/>
        <mapping resource="org/andromda/timetracker/domain/Timecard.hbm.xml"/>
        <mapping resource="org/andromda/timetracker/domain/TimeAllocation.hbm.xml"/>
        <mapping resource="org/andromda/timetracker/domain/Task.hbm.xml"/>
        <mapping resource="org/andromda/timetracker/domain/UserRole.hbm.xml"/>
    </session-factory>
</hibernate-configuration>
